node_id,label
5747,0.0
5707,0.0
6911,0.0
7157,0.0
9185,0.0
5184,0.0
9978,0.0
3935,0.0
8805,0.0
7002,0.0
7771,0.0
10218,0.0
6133,0.0
5540,0.0
8113,0.0
3344,0.0
7763,0.0
7678,0.0
6557,0.0
6298,1.0
11434,0.0
9391,0.0
7027,1.0
5731,0.0
10260,0.0
11675,0.0
4292,0.0
10243,0.0
7989,0.0
4693,0.0
8339,0.0
5124,0.0
3424,0.0
8173,0.0
7659,1.0
11432,0.0
5316,0.0
4103,0.0
11489,0.0
8162,0.0
10391,0.0
4140,0.0
9765,0.0
11079,0.0
10025,0.0
8921,0.0
4151,0.0
6792,0.0
5657,0.0
4954,0.0
3762,0.0
5081,0.0
5445,0.0
9739,0.0
7480,0.0
9826,0.0
3649,0.0
6092,0.0
8253,0.0
4848,0.0
4235,0.0
11098,0.0
11345,0.0
11417,0.0
4361,0.0
5491,0.0
4583,0.0
11270,0.0
7596,0.0
5851,0.0
5574,0.0
8537,0.0
11646,0.0
5699,0.0
6165,0.0
11811,0.0
6775,0.0
10051,0.0
11682,0.0
11130,0.0
11857,0.0
3613,1.0
5783,0.0
7827,0.0
4706,0.0
4845,0.0
4947,0.0
10048,0.0
6927,0.0
5802,0.0
4139,0.0
5928,0.0
9666,0.0
6825,0.0
8247,0.0
4154,0.0
5064,0.0
10001,0.0
11215,0.0
9719,0.0
8729,0.0
10529,0.0
7550,0.0
9953,0.0
6543,0.0
7636,0.0
5597,0.0
9424,0.0
8352,0.0
8467,1.0
11863,0.0
5926,0.0
10693,0.0
7501,1.0
6424,0.0
9353,0.0
8459,0.0
3892,0.0
7108,0.0
3643,0.0
4458,0.0
4959,0.0
9559,0.0
7695,1.0
6558,0.0
4141,0.0
10533,0.0
6872,0.0
10698,0.0
9436,0.0
8997,0.0
11900,0.0
6682,0.0
4389,0.0
7715,0.0
6929,0.0
9876,0.0
11798,0.0
6802,0.0
8523,0.0
9617,0.0
7330,0.0
10348,1.0
3687,0.0
3398,0.0
8902,0.0
8971,1.0
5652,0.0
9508,0.0
3464,0.0
11224,0.0
5207,1.0
9986,0.0
8059,0.0
5301,0.0
9135,0.0
11738,1.0
7762,0.0
11776,1.0
5485,0.0
7311,0.0
6333,0.0
11759,0.0
11865,0.0
10464,0.0
11405,0.0
3648,0.0
8248,0.0
4451,0.0
3949,0.0
8043,0.0
6204,0.0
8263,0.0
6668,0.0
5401,0.0
7649,0.0
11391,0.0
7690,0.0
10325,0.0
8309,0.0
6407,0.0
11108,0.0
5294,0.0
9433,0.0
5807,0.0
3545,0.0
7344,0.0
6012,0.0
3790,0.0
4925,0.0
9367,0.0
10427,0.0
3577,0.0
5866,0.0
6886,0.0
4296,0.0
9521,0.0
10329,0.0
8950,0.0
7106,0.0
8442,0.0
9652,0.0
9803,0.0
9384,0.0
10858,0.0
5145,0.0
9326,0.0
4533,0.0
3773,0.0
11082,0.0
8522,0.0
5921,0.0
7925,0.0
10754,0.0
5462,0.0
10288,0.0
11238,1.0
7207,0.0
4544,0.0
7316,0.0
9855,0.0
5737,0.0
10661,0.0
7164,0.0
3931,0.0
4648,0.0
11255,0.0
6031,0.0
7149,0.0
4842,0.0
9686,0.0
5723,0.0
5962,0.0
10148,0.0
4123,0.0
11226,0.0
5047,0.0
4734,0.0
6217,0.0
10951,0.0
9491,0.0
4205,0.0
6571,0.0
6015,0.0
6321,0.0
8923,0.0
11132,0.0
5364,0.0
8930,0.0
8874,0.0
9047,0.0
10430,0.0
7908,0.0
8117,1.0
9636,0.0
10882,0.0
10015,0.0
6324,0.0
5456,0.0
6657,0.0
8448,0.0
5848,0.0
11081,0.0
7529,0.0
8765,0.0
7794,0.0
10476,0.0
6153,0.0
4705,0.0
10885,0.0
8340,0.0
10779,1.0
9152,0.0
11072,0.0
11190,1.0
8640,0.0
5500,0.0
10422,0.0
8532,0.0
3767,0.0
4918,0.0
4601,1.0
5932,0.0
5245,0.0
6238,0.0
9502,1.0
6753,0.0
7531,0.0
11454,0.0
10924,0.0
6312,0.0
5211,1.0
3600,0.0
6222,0.0
7419,0.0
5272,0.0
9702,0.0
9963,0.0
11107,0.0
10823,0.0
9621,0.0
10410,0.0
7406,0.0
6508,1.0
5572,0.0
6617,1.0
9571,0.0
7342,0.0
4664,0.0
6490,0.0
4073,0.0
10059,1.0
7854,0.0
7181,0.0
8222,0.0
4903,0.0
11533,0.0
3965,0.0
6569,0.0
5371,0.0
4881,0.0
10487,0.0
6295,0.0
4553,0.0
6689,0.0
8697,0.0
6530,0.0
5018,0.0
7741,0.0
6428,0.0
4270,1.0
5016,0.0
7855,0.0
9137,1.0
7877,0.0
3955,0.0
9498,0.0
6935,0.0
4712,0.0
6751,0.0
6904,0.0
10107,0.0
8925,0.0
10803,0.0
10113,1.0
10018,0.0
3845,0.0
4345,0.0
7599,0.0
3878,0.0
8985,0.0
10496,0.0
11526,0.0
7713,0.0
10470,0.0
4505,0.0
11368,1.0
10855,0.0
9715,0.0
11229,0.0
6729,0.0
9458,0.0
8010,0.0
11325,0.0
3448,1.0
6039,0.0
5506,0.0
5637,0.0
7692,0.0
10111,0.0
5387,0.0
6529,0.0
5328,0.0
11916,1.0
5488,0.0
8072,0.0
8332,1.0
10313,0.0
6501,0.0
8386,0.0
4144,0.0
9014,0.0
8244,0.0
11019,0.0
10069,0.0
5158,1.0
8969,0.0
9256,0.0
11000,1.0
11825,0.0
9684,0.0
8148,0.0
10852,0.0
9670,0.0
4520,0.0
8108,0.0
11560,0.0
10700,1.0
11742,0.0
11350,0.0
6890,0.0
8311,0.0
7398,1.0
6892,0.0
6917,0.0
10991,0.0
9581,0.0
4591,0.0
10188,0.0
5748,0.0
8300,0.0
10771,0.0
11048,0.0
10302,1.0
7556,0.0
3554,0.0
8051,0.0
9365,0.0
4636,1.0
10289,1.0
9410,1.0
7948,0.0
5799,0.0
8569,0.0
5513,0.0
10307,0.0
5519,0.0
3494,1.0
11613,0.0
11640,0.0
11091,0.0
9290,0.0
3491,0.0
11720,0.0
4950,0.0
8573,0.0
11768,1.0
6736,0.0
10683,0.0
3486,0.0
5878,0.0
10750,0.0
10906,0.0
3431,1.0
6094,0.0
8016,0.0
9404,0.0
8601,1.0
9742,0.0
5264,0.0
9770,0.0
9713,0.0
6183,0.0
5639,0.0
4362,0.0
3887,0.0
8913,0.0
9269,0.0
9608,0.0
3815,0.0
8070,0.0
5646,0.0
9649,1.0
9575,0.0
5643,0.0
5782,0.0
5688,0.0
3910,0.0
9322,0.0
8647,0.0
5946,1.0
4800,0.0
9799,0.0
9182,0.0
6821,1.0
4828,0.0
6140,1.0
11124,0.0
10344,1.0
6654,0.0
6907,0.0
7543,1.0
3650,0.0
4777,0.0
6910,0.0
6791,0.0
9895,0.0
10254,1.0
7730,0.0
10531,1.0
6837,0.0
3306,1.0
8899,0.0
5450,0.0
8688,0.0
3939,0.0
4901,0.0
3726,0.0
6472,0.0
8686,0.0
7245,0.0
5874,1.0
7171,0.0
4411,0.0
3851,0.0
6994,1.0
9880,0.0
7247,1.0
4988,0.0
7178,0.0
8748,0.0
11696,0.0
10716,1.0
9593,0.0
7003,0.0
8959,0.0
7622,0.0
9339,0.0
8476,0.0
4696,0.0
3479,0.0
7490,0.0
11195,0.0
11371,0.0
7455,0.0
9558,0.0
5319,0.0
11306,0.0
9626,0.0
8891,0.0
8602,1.0
7484,0.0
9196,0.0
10369,0.0
9512,0.0
6880,0.0
3469,0.0
7489,0.0
3755,0.0
3693,1.0
7838,0.0
6340,0.0
6251,0.0
8698,0.0
5566,0.0
6943,0.0
6067,0.0
7083,0.0
6518,0.0
8009,0.0
7833,0.0
6717,0.0
9015,0.0
8756,0.0
10061,1.0
6143,0.0
9207,1.0
10753,0.0
11788,0.0
11850,0.0
9352,0.0
8475,1.0
4872,0.0
6665,0.0
11090,0.0
11920,1.0
4119,0.0
5508,0.0
9848,0.0
9313,0.0
11901,1.0
6964,0.0
9524,0.0
5622,0.0
4402,0.0
6577,0.0
6254,0.0
6652,0.0
5229,0.0
7038,0.0
7982,0.0
9019,0.0
6408,0.0
4281,0.0
4963,0.0
8852,0.0
4633,0.0
8250,0.0
5141,0.0
7957,0.0
8488,0.0
9251,0.0
8470,0.0
5005,0.0
9816,0.0
4392,0.0
7491,0.0
3550,0.0
10262,0.0
7161,0.0
3456,0.0
6205,0.0
4013,0.0
6830,0.0
8468,0.0
4957,1.0
5584,0.0
9996,0.0
11567,0.0
8437,0.0
5012,0.0
4589,0.0
11140,0.0
6999,0.0
9253,0.0
7496,0.0
10800,0.0
11036,0.0
4464,0.0
6965,0.0
9428,0.0
6138,0.0
6190,0.0
5407,0.0
3406,0.0
9712,0.0
11449,0.0
4973,0.0
8894,0.0
5784,0.0
9586,0.0
8699,0.0
10368,0.0
4902,0.0
5172,0.0
5195,0.0
3783,0.0
8035,0.0
6355,0.0
11009,0.0
4642,0.0
3572,0.0
7582,0.0
3460,0.0
6887,0.0
4324,0.0
3711,1.0
6323,1.0
6931,0.0
9985,0.0
11240,0.0
10840,0.0
5676,0.0
9038,0.0
7008,0.0
5220,0.0
9973,0.0
4319,0.0
9813,0.0
11482,0.0
6688,0.0
11911,0.0
10802,0.0
5218,0.0
8610,0.0
7185,0.0
11827,0.0
3342,0.0
9409,0.0
5156,0.0
9805,0.0
3763,0.0
5963,0.0
4987,0.0
3991,0.0
7375,0.0
5043,0.0
4750,0.0
9222,0.0
4584,0.0
6010,0.0
4625,0.0
11860,0.0
6498,0.0
4258,0.0
6235,0.0
4829,0.0
9758,0.0
4334,0.0
8206,1.0
8186,0.0
3612,1.0
5240,0.0
5565,0.0
4908,0.0
6461,0.0
4216,0.0
5927,0.0
11524,0.0
10434,0.0
5001,1.0
6349,0.0
11903,0.0
5507,0.0
7115,0.0
8444,0.0
5378,0.0
11858,0.0
10208,0.0
9117,0.0
5975,0.0
8135,0.0
8566,0.0
8880,0.0
3764,0.0
11100,0.0
5242,0.0
10694,0.0
11338,1.0
3387,0.0
9987,0.0
10016,0.0
6701,0.0
3728,0.0
5537,0.0
7819,0.0
4172,0.0
10600,0.0
6173,0.0
5790,0.0
11085,0.0
5397,0.0
4614,0.0
10432,0.0
5582,0.0
4302,0.0
9414,0.0
10648,0.0
6445,0.0
10621,0.0
7737,0.0
3454,0.0
7777,0.0
5684,1.0
6985,0.0
4496,0.0
3356,0.0
6506,0.0
7680,0.0
6913,0.0
6362,0.0
9093,0.0
10709,0.0
10063,0.0
3724,0.0
7885,0.0
8402,0.0
6196,0.0
6513,0.0
7031,0.0
6938,0.0
9159,0.0
9263,0.0
11922,0.0
10672,0.0
3911,0.0
11753,0.0
10479,0.0
11007,0.0
10037,0.0
4364,0.0
3560,0.0
4021,0.0
5337,0.0
6728,0.0
3377,1.0
10677,0.0
7112,0.0
7872,0.0
11346,0.0
11300,0.0
8313,0.0
8086,0.0
8749,0.0
11832,0.0
9525,0.0
4036,0.0
8791,0.0
8185,0.0
4329,0.0
3705,1.0
11724,0.0
4631,0.0
11277,0.0
3458,0.0
4434,0.0
9368,0.0
7539,0.0
7162,0.0
7897,0.0
8323,0.0
5015,0.0
7979,1.0
6957,0.0
10234,0.0
7676,0.0
5104,0.0
5722,0.0
5032,0.0
11349,0.0
8864,0.0
3645,0.0
9392,0.0
9132,0.0
7790,1.0
8552,0.0
3661,0.0
9396,0.0
11220,1.0
4911,0.0
11804,0.0
11747,0.0
4605,0.0
7705,0.0
11791,0.0
6193,0.0
9066,0.0
7862,0.0
11909,0.0
8432,0.0
4728,0.0
9832,0.0
5137,0.0
7088,0.0
7604,0.0
6268,0.0
6269,1.0
3960,0.0
6179,1.0
8063,0.0
5056,1.0
3603,0.0
10900,0.0
7856,0.0
4236,0.0
8558,0.0
3409,0.0
8817,0.0
6259,0.0
8590,0.0
9870,0.0
8066,0.0
3884,0.0
4556,0.0
6646,0.0
8996,0.0
5123,0.0
10835,0.0
10211,0.0
4900,0.0
8650,0.0
11597,0.0
4717,0.0
6337,0.0
8493,0.0
6541,0.0
7151,0.0
11537,0.0
10349,0.0
3534,0.0
4035,0.0
3749,0.0
3770,0.0
11598,0.0
7518,0.0
9629,0.0
6709,0.0
4680,0.0
11008,1.0
5296,0.0
10518,0.0
6667,0.0
9017,0.0
6057,0.0
11795,1.0
7371,0.0
9528,0.0
10649,0.0
5487,0.0
5533,0.0
10965,0.0
8948,0.0
8379,0.0
5914,0.0
5624,0.0
5459,0.0
7767,0.0
11452,0.0
7439,0.0
9189,0.0
6252,0.0
6433,0.0
10558,0.0
7662,0.0
10878,0.0
3328,0.0
7169,0.0
7223,0.0
11942,0.0
4322,0.0
5396,0.0
4276,0.0
9941,0.0
11219,0.0
4790,0.0
3501,1.0
9184,0.0
4500,0.0
11866,0.0
6782,0.0
6694,0.0
10109,0.0
6759,1.0
5297,0.0
4723,0.0
5342,0.0
3543,0.0
3695,0.0
4724,0.0
5837,0.0
11553,0.0
7385,0.0
3594,0.0
10346,0.0
7663,0.0
10287,0.0
5028,0.0
11204,0.0
4764,0.0
7443,0.0
3341,0.0
8479,0.0
4112,0.0
3619,1.0
11536,0.0
5023,0.0
10343,0.0
7581,0.0
11511,0.0
7333,1.0
8895,0.0
8739,0.0
9065,0.0
4545,0.0
11392,0.0
10617,0.0
10342,0.0
11273,0.0
8083,0.0
10442,0.0
5332,0.0
11113,0.0
9515,0.0
10290,0.0
3744,0.0
5732,0.0
6639,0.0
3336,0.0
8387,1.0
4287,0.0
4499,0.0
6627,0.0
5114,0.0
8755,0.0
9667,0.0
6535,0.0
4660,0.0
10072,0.0
6494,0.0
10000,0.0
8374,0.0
8689,0.0
9356,0.0
8298,0.0
11709,1.0
3704,0.0
5950,0.0
8567,0.0
7635,0.0
3699,0.0
4250,0.0
8231,0.0
5757,1.0
10821,0.0
8281,0.0
5203,0.0
10545,0.0
5656,0.0
3758,0.0
6109,0.0
7111,0.0
6053,0.0
6301,0.0
6125,0.0
5009,0.0
6084,0.0
4708,0.0
7797,0.0
4006,0.0
5326,0.0
9842,0.0
3625,0.0
8598,0.0
4819,0.0
6314,0.0
6163,0.0
8359,0.0
4878,0.0
6874,0.0
3557,0.0
6610,0.0
4312,0.0
11879,0.0
10038,0.0
3859,0.0
7939,1.0
9804,0.0
11861,1.0
4368,0.0
3309,0.0
8751,0.0
6392,1.0
8014,0.0
10019,1.0
7269,0.0
6928,0.0
10090,0.0
5173,0.0
7522,0.0
6955,0.0
5249,1.0
6103,0.0
5611,0.0
6322,0.0
7368,0.0
11333,0.0
10795,0.0
10671,0.0
7019,0.0
6878,0.0
9292,0.0
8672,0.0
11427,0.0
9732,0.0
3562,0.0
5398,0.0
10574,0.0
8961,1.0
4227,0.0
4463,0.0
9317,0.0
10071,0.0
10467,0.0
9810,0.0
10009,0.0
8261,0.0
8871,0.0
6757,0.0
4892,1.0
5908,0.0
7883,0.0
9155,0.0
4801,0.0
6895,0.0
10504,1.0
7005,0.0
4731,0.0
8477,0.0
10920,0.0
3385,0.0
6954,0.0
4862,0.0
6047,0.0
11801,0.0
11570,0.0
3712,0.0
7305,0.0
3778,0.0
9372,0.0
5248,0.0
9950,0.0
8362,0.0
8516,0.0
8291,0.0
6131,0.0
8911,0.0
8711,0.0
4821,1.0
10859,0.0
11852,0.0
11005,0.0
4099,0.0
11281,0.0
11320,0.0
4454,0.0
8527,0.0
4011,0.0
7587,0.0
8175,0.0
4472,0.0
8787,1.0
4457,0.0
9522,0.0
5632,0.0
9663,0.0
4521,0.0
4342,0.0
8262,0.0
4265,0.0
11849,0.0
5618,0.0
11666,0.0
10306,0.0
11542,1.0
8094,0.0
6612,0.0
4311,0.0
10893,0.0
5196,0.0
8559,0.0
5139,0.0
7041,0.0
3622,0.0
10116,0.0
4879,0.0
10182,0.0
7950,0.0
4670,0.0
9297,1.0
8429,0.0
7123,0.0
8314,0.0
4381,0.0
11648,0.0
10223,0.0
3908,0.0
5470,0.0
4726,0.0
7665,0.0
9918,0.0
7064,0.0
3438,0.0
9653,0.0
8277,0.0
6583,0.0
7689,0.0
10484,0.0
10247,0.0
9395,0.0
8977,1.0
6336,0.0
6509,0.0
9331,0.0
10497,0.0
9190,0.0
3345,0.0
6367,0.0
7209,0.0
6915,0.0
8979,0.0
9929,1.0
9091,0.0
8800,0.0
10386,0.0
7871,0.0
11242,0.0
5713,0.0
11038,0.0
4247,0.0
10265,0.0
8100,0.0
5704,0.0
5235,0.0
5660,1.0
11065,0.0
4016,0.0
7312,0.0
11940,1.0
11480,0.0
4813,0.0
9646,0.0
10293,0.0
10812,0.0
11131,0.0
5293,0.0
7372,0.0
4744,0.0
6247,0.0
10739,1.0
8404,0.0
4679,0.0
10229,0.0
9378,0.0
10918,0.0
7413,0.0
7895,0.0
3901,0.0
10654,0.0
5944,0.0
7900,0.0
10850,1.0
5602,0.0
3679,0.0
11054,0.0
11604,0.0
6578,0.0
5879,0.0
7494,0.0
6623,0.0
3973,0.0
5029,0.0
8507,0.0
8674,0.0
8600,0.0
5343,0.0
9193,0.0
10580,0.0
10551,1.0
9492,0.0
4684,0.0
7082,0.0
9002,0.0
4387,0.0
3436,0.0
4163,0.0
5644,0.0
7991,0.0
7632,0.0
8504,1.0
9798,0.0
5027,0.0
9657,0.0
6941,1.0
6726,1.0
5253,0.0
4449,0.0
4609,0.0
10584,0.0
8097,0.0
3368,1.0
9969,0.0
11667,0.0
4404,0.0
6602,0.0
9887,0.0
9016,0.0
11029,0.0
5913,0.0
4783,0.0
7145,0.0
5989,1.0
7880,0.0
7486,0.0
9582,0.0
11040,1.0
6484,0.0
8555,1.0
5898,0.0
7217,0.0
4749,0.0
6809,0.0
10979,0.0
7317,0.0
11196,0.0
3434,0.0
8658,0.0
8542,0.0
6396,0.0
9166,0.0
6854,0.0
6045,0.0
5087,0.0
9830,0.0
3626,0.0
6192,0.0
7879,0.0
3854,0.0
9027,0.0
4164,1.0
8004,0.0
10454,0.0
9105,0.0
7868,0.0
8274,0.0
10330,0.0
8384,0.0
8991,0.0
4359,1.0
9466,0.0
11770,0.0
4210,0.0
9762,0.0
11149,1.0
11654,0.0
3954,0.0
7992,0.0
9920,0.0
6344,0.0
8364,0.0
10417,0.0
7460,0.0
5373,0.0
7075,0.0
4798,0.0
6852,0.0
10811,0.0
11288,0.0
6674,1.0
7095,1.0
9055,0.0
4649,0.0
9415,1.0
9450,0.0
6258,0.0
10341,0.0
8728,0.0
11455,0.0
6400,0.0
8472,0.0
10214,0.0
10179,0.0
9209,0.0
4897,0.0
5024,0.0
5318,0.0
5979,0.0
11535,0.0
8564,0.0
11744,0.0
4996,0.0
7976,0.0
4844,0.0
11456,0.0
9709,1.0
4830,0.0
8772,0.0
7024,0.0
4968,0.0
10674,0.0
11026,0.0
4037,0.0
4746,0.0
3518,0.0
7252,0.0
11339,0.0
10010,1.0
8713,0.0
4191,0.0
4252,0.0
11179,0.0
7230,0.0
7314,0.0
4827,0.0
6700,0.0
10624,0.0
10036,0.0
10228,0.0
5603,0.0
8101,0.0
10817,0.0
5552,0.0
10860,0.0
4877,0.0
3722,0.0
8123,0.0
4530,0.0
5004,0.0
7337,1.0
6319,0.0
6932,0.0
6457,0.0
9434,1.0
11366,0.0
5592,1.0
10701,0.0
5774,0.0
8338,0.0
5683,0.0
5571,0.0
6404,0.0
6538,0.0
3483,0.0
11516,0.0
10740,0.0
8774,0.0
11522,0.0
8541,0.0
3798,0.0
6774,0.0
4462,0.0
6838,1.0
9603,0.0
5875,0.0
6481,0.0
9857,0.0
8939,0.0
11282,0.0
9972,0.0
11099,0.0
4922,0.0
9897,0.0
9676,0.0
8369,0.0
9164,0.0
6345,0.0
7639,0.0
10012,0.0
8284,0.0
10520,0.0
4634,0.0
7789,0.0
11932,0.0
5696,1.0
9936,0.0
6819,0.0
10304,0.0
8095,0.0
3414,1.0
11743,0.0
7754,1.0
10578,1.0
11439,1.0
10187,0.0
5186,0.0
5986,0.0
7294,0.0
5501,0.0
7661,0.0
10810,0.0
6175,0.0
4812,0.0
3966,0.0
5227,0.0
7704,0.0
4596,0.0
5499,0.0
9210,0.0
4020,0.0
5307,0.0
8933,0.0
5509,0.0
9991,0.0
11821,1.0
10763,0.0
8109,0.0
6983,0.0
6168,0.0
11800,1.0
4562,0.0
10028,0.0
10154,0.0
5446,0.0
3535,0.0
7452,0.0
5868,0.0
11778,0.0
5204,0.0
5117,0.0
8161,0.0
7213,0.0
5083,0.0
7086,0.0
6342,0.0
5457,0.0
9192,0.0
6232,0.0
10456,1.0
7861,0.0
6240,0.0
5224,0.0
6145,0.0
7940,0.0
6469,0.0
3416,0.0
11094,0.0
5097,0.0
3844,0.0
3995,0.0
11115,0.0
5945,1.0
5579,0.0
5516,0.0
6858,0.0
6315,0.0
4915,0.0
3366,0.0
7753,0.0
5836,0.0
11342,1.0
5865,0.0
6432,0.0
3452,0.0
10098,0.0
3853,0.0
7440,0.0
9618,0.0
6060,0.0
9096,1.0
11305,0.0
4576,0.0
9802,0.0
9926,0.0
10516,0.0
11199,1.0
9824,0.0
4978,0.0
9994,0.0
4793,0.0
5108,0.0
11591,0.0
10338,0.0
7471,0.0
3696,0.0
9412,0.0
11506,1.0
9763,0.0
3719,0.0
9648,1.0
7248,0.0
6723,0.0
11716,0.0
7573,0.0
10388,0.0
11481,0.0
3683,0.0
3754,0.0
9388,0.0
3465,0.0
8862,0.0
7508,0.0
4832,0.0
5246,0.0
5965,0.0
10798,0.0
4645,0.0
9536,0.0
5000,0.0
3885,0.0
5112,0.0
9831,0.0
7746,0.0
9967,0.0
10606,1.0
11103,1.0
8391,0.0
6869,0.0
6679,0.0
4269,1.0
11027,0.0
9457,1.0
11492,1.0
9216,0.0
3323,0.0
11822,1.0
3427,0.0
5939,0.0
3782,0.0
8821,0.0
6368,0.0
6202,0.0
5615,0.0
8820,0.0
3588,1.0
8405,0.0
7673,0.0
7487,0.0
4748,0.0
7720,0.0
11532,0.0
7155,0.0
6744,0.0
8687,0.0
11766,0.0
7228,0.0
7043,0.0
7373,0.0
11574,0.0
10045,0.0
7183,0.0
5869,1.0
7784,0.0
8560,1.0
8210,0.0
6146,0.0
7545,0.0
8750,0.0
6382,0.0
8220,0.0
11129,0.0
10734,0.0
10119,0.0
8619,1.0
5237,0.0
5887,0.0
7890,0.0
10312,0.0
7359,0.0
6589,0.0
5177,0.0
5781,0.0
6276,0.0
11929,0.0
6949,0.0
9191,0.0
9933,1.0
6270,0.0
7551,0.0
5588,0.0
11495,0.0
4425,0.0
8363,0.0
10024,0.0
9774,1.0
4549,0.0
6439,0.0
9332,0.0
3321,0.0
9104,0.0
3976,0.0
10435,0.0
4349,0.0
8804,0.0
8159,0.0
11563,0.0
8434,1.0
3839,0.0
8105,1.0
11479,0.0
5025,0.0
9169,0.0
9743,0.0
4396,0.0
3401,0.0
4078,0.0
4714,0.0
5131,0.0
3461,1.0
9051,1.0
6926,0.0
7677,0.0
8201,0.0
10326,0.0
4380,0.0
9293,0.0
8587,0.0
5966,0.0
9854,0.0
8992,0.0
11612,0.0
3702,0.0
4228,0.0
10785,0.0
9976,0.0
3999,1.0
7324,0.0
11573,1.0
11466,0.0
7410,0.0
4967,1.0
4388,0.0
9753,1.0
10040,0.0
8265,0.0
6431,0.0
6769,0.0
8307,1.0
6293,0.0
8646,0.0
6512,0.0
6260,0.0
5859,0.0
7558,0.0
8045,0.0
4836,0.0
10453,0.0
10937,0.0
10964,0.0
7887,0.0
3692,0.0
7734,0.0
6068,0.0
8431,0.0
5904,0.0
8639,0.0
8723,0.0
9042,0.0
5675,0.0
6391,0.0
8289,0.0
11373,0.0
4685,0.0
8897,0.0
3766,0.0
9149,0.0
5797,1.0
6616,0.0
9789,0.0
8286,0.0
7242,0.0
4495,0.0
7364,0.0
6526,0.0
11444,1.0
4243,0.0
3428,0.0
9316,0.0
8365,0.0
11256,0.0
7470,0.0
5947,0.0
11755,0.0
6180,0.0
10974,0.0
9115,0.0
9223,0.0
4379,0.0
4913,0.0
8373,0.0
7099,0.0
10271,0.0
4513,0.0
5850,0.0
11097,0.0
10896,0.0
10200,0.0
6480,0.0
9650,0.0
7415,0.0
3817,0.0
9519,0.0
4413,0.0
3587,0.0
5695,0.0
5613,1.0
10502,0.0
4440,0.0
10602,0.0
8836,0.0
8982,0.0
11880,0.0
6642,0.0
5980,0.0
4170,0.0
7999,0.0
4665,0.0
7402,0.0
8517,0.0
3876,0.0
10703,1.0
9905,0.0
8665,0.0
6865,1.0
5810,0.0
11147,0.0
9700,0.0
8347,0.0
3709,0.0
5719,0.0
3828,0.0
9850,0.0
4200,0.0
8400,0.0
3948,0.0
9928,0.0
10345,1.0
11045,0.0
9704,0.0
4000,0.0
11803,0.0
5019,0.0
7666,0.0
4393,0.0
8586,0.0
10527,0.0
9475,0.0
8320,0.0
5505,0.0
5658,0.0
4849,0.0
4231,0.0
5061,0.0
3347,0.0
4354,0.0
7244,0.0
10505,1.0
10275,0.0
3855,0.0
10095,0.0
9258,0.0
6079,0.0
7634,0.0
11554,0.0
8146,0.0
5577,0.0
9373,0.0
10310,0.0
6776,0.0
8546,0.0
3569,1.0
10960,0.0
10755,0.0
5454,0.0
10725,0.0
5241,1.0
7142,0.0
6645,0.0
3455,0.0
7653,0.0
4420,0.0
11172,0.0
6754,0.0
6785,0.0
3453,0.0
10680,0.0
10375,1.0
3632,0.0
6489,0.0
4192,0.0
10334,0.0
10995,0.0
8296,0.0
11607,0.0
11068,0.0
4249,0.0
11236,0.0
7667,1.0
10403,0.0
4494,0.0
10973,0.0
4079,0.0
7793,0.0
6289,0.0
8249,1.0
7124,0.0
4094,0.0
7059,0.0
5943,0.0
5183,0.0
7941,0.0
10276,0.0
9128,0.0
10746,0.0
9056,0.0
6048,0.0
5846,0.0
10573,0.0
7447,0.0
4888,1.0
8799,0.0
6655,0.0
4143,0.0
6829,0.0
7807,0.0
7132,0.0
11462,0.0
4017,1.0
3813,0.0
5598,1.0
8910,1.0
8021,0.0
6622,0.0
5359,0.0
11312,0.0
6564,0.0
11250,0.0
6356,0.0
5581,0.0
5381,0.0
4145,0.0
5164,0.0
3337,0.0
7117,0.0
11685,0.0
10865,0.0
10985,0.0
5630,0.0
11088,0.0
7625,0.0
4111,0.0
11890,0.0
10849,0.0
8829,0.0
11679,0.0
10872,0.0
9260,1.0
5321,0.0
11926,0.0
11659,0.0
9449,1.0
5430,0.0
10642,0.0
5152,0.0
5474,0.0
5903,0.0
9289,0.0
10592,0.0
11868,0.0
11473,0.0
5606,0.0
8170,0.0
10668,0.0
7562,0.0
10056,0.0
10152,0.0
6248,0.0
8342,0.0
7469,0.0
7336,1.0
10932,0.0
3561,0.0
9730,0.0
9048,0.0
10773,0.0
7943,0.0
11435,0.0
9938,0.0
10122,0.0
3930,0.0
7818,0.0
5512,0.0
4229,0.0
8399,0.0
5935,0.0
6095,1.0
8489,0.0
6245,0.0
4805,0.0
8218,0.0
4179,0.0
3635,1.0
4921,0.0
10173,0.0
10727,0.0
6902,0.0
6554,0.0
6061,0.0
11509,0.0
10757,0.0
8270,0.0
6561,0.0
4932,0.0
7175,0.0
7072,0.0
6410,0.0
8884,0.0
3551,0.0
5716,0.0
4202,0.0
4871,0.0
6237,0.0
6488,0.0
10634,0.0
5983,0.0
9045,0.0
3926,0.0
6972,0.0
9682,0.0
10695,0.0
10035,0.0
8526,0.0
3466,0.0
11216,0.0
6214,0.0
9098,0.0
11318,0.0
11561,1.0
8975,0.0
6187,0.0
9068,0.0
5717,0.0
6405,0.0
5060,0.0
7848,0.0
10431,0.0
3480,0.0
9550,0.0
8727,0.0
7592,0.0
11792,0.0
9479,0.0
4735,0.0
9990,1.0
5560,0.0
5726,0.0
7214,1.0
10064,1.0
8189,0.0
3804,0.0
5391,0.0
11917,0.0
7468,0.0
8878,0.0
7967,0.0
10054,0.0
10517,0.0
8455,0.0
8433,0.0
9049,0.0
4491,0.0
5556,0.0
11579,0.0
9717,0.0
4524,0.0
10782,0.0
5372,0.0
4885,0.0
9573,0.0
4226,0.0
10153,0.0
7929,0.0
4893,0.0
7679,0.0
5447,0.0
9031,0.0
4054,1.0
8497,0.0
9252,1.0
10630,0.0
7990,0.0
8529,0.0
4070,0.0
10904,0.0
7857,0.0
6277,0.0
8068,1.0
4595,0.0
7530,0.0
11639,0.0
7773,0.0
5281,0.0
11733,0.0
5575,0.0
7768,0.0
6001,0.0
11645,1.0
11228,0.0
8927,0.0
10679,0.0
10658,0.0
10521,0.0
7417,0.0
9226,0.0
3624,1.0
4040,0.0
6150,0.0
7843,0.0
11074,0.0
5472,0.0
9010,0.0
4713,0.0
7733,0.0
9545,1.0
5681,0.0
5766,0.0
6609,1.0
9899,0.0
10881,0.0
11291,0.0
7913,0.0
6675,0.0
9337,0.0
11239,0.0
8918,0.0
4580,0.0
8268,0.0
7438,0.0
4208,0.0
8140,0.0
8396,0.0
6824,0.0
4604,0.0
4916,0.0
6076,1.0
10183,0.0
5686,0.0
10194,0.0
8322,0.0
9919,0.0
4255,1.0
5849,0.0
7918,0.0
11785,0.0
9697,0.0
5287,0.0
6434,0.0
5178,0.0
6905,0.0
4540,0.0
10268,0.0
8989,1.0
11609,0.0
3623,0.0
9568,0.0
5135,0.0
4802,0.0
11531,1.0
5429,0.0
5432,0.0
6379,0.0
7706,0.0
7618,0.0
3647,0.0
11843,0.0
3847,0.0
6184,0.0
9386,0.0
11262,1.0
11150,0.0
6592,0.0
4130,0.0
8037,0.0
6611,0.0
8397,0.0
5182,1.0
11307,0.0
9360,0.0
8495,1.0
11293,0.0
3953,0.0
4843,0.0
5230,1.0
9567,0.0
9040,0.0
10980,1.0
6073,0.0
8215,0.0
11421,0.0
5614,0.0
8908,0.0
6263,0.0
4559,0.0
8178,0.0
11181,0.0
5800,0.0
7837,0.0
6998,0.0
5379,0.0
5822,0.0
11700,0.0
4436,0.0
8246,0.0
9341,0.0
4178,0.0
7691,0.0
5812,0.0
8796,0.0
10530,0.0
10241,0.0
4972,0.0
7783,0.0
11869,0.0
9931,0.0
11006,0.0
10419,0.0
8628,1.0
6672,0.0
5238,0.0
6739,0.0
8134,0.0
6661,0.0
11834,0.0
5154,0.0
6364,0.0
9565,0.0
10508,0.0
8266,0.0
4846,0.0
8055,0.0
3595,0.0
11296,0.0
6992,0.0
8237,0.0
3373,0.0
4618,1.0
6051,1.0
4480,0.0
11163,1.0
10120,1.0
8786,0.0
3886,0.0
7256,0.0
8813,1.0
7205,0.0
11357,0.0
7523,0.0
6724,0.0
9907,0.0
6963,0.0
7020,0.0
8130,0.0
7594,1.0
4149,0.0
7972,0.0
9221,1.0
8973,1.0
3789,0.0
7268,0.0
9656,0.0
8568,0.0
8981,1.0
9817,0.0
5290,0.0
7035,0.0
10383,1.0
4673,1.0
6098,0.0
3846,0.0
9837,0.0
6421,0.0
4315,0.0
8160,0.0
8165,0.0
11193,1.0
4129,0.0
3986,0.0
4248,0.0
9118,1.0
10376,1.0
9472,0.0
4740,0.0
9181,0.0
9722,0.0
9820,0.0
9329,0.0
7612,0.0
4587,0.0
5022,0.0
5730,0.0
5585,0.0
6144,0.0
9141,0.0
11317,0.0
4838,0.0
7338,1.0
6171,0.0
10477,1.0
4341,1.0
5044,0.0
7560,0.0
7888,1.0
4305,0.0
3664,0.0
4120,0.0
7584,1.0
5594,0.0
8808,0.0
3684,1.0
9960,0.0
8625,0.0
5327,0.0
4256,0.0
6236,0.0
11375,0.0
8001,0.0
9672,0.0
11266,0.0
11735,0.0
9627,0.0
11244,0.0
4794,1.0
7603,0.0
6863,0.0
4182,0.0
11012,0.0
9552,1.0
6784,0.0
6693,0.0
6807,0.0
4466,0.0
11030,0.0
4055,0.0
6806,0.0
6528,0.0
7303,0.0
5503,0.0
8743,0.0
6154,0.0
9413,0.0
4643,0.0
10777,0.0
3475,0.0
7277,0.0
4105,0.0
8064,0.0
5738,0.0
7010,0.0
4983,0.0
11284,1.0
11777,0.0
11052,1.0
4211,0.0
5411,0.0
4195,1.0
11015,0.0
6565,0.0
4907,0.0
5302,0.0
4497,0.0
9510,0.0
11840,0.0
3608,0.0
3544,0.0
8336,0.0
3757,0.0
8764,0.0
6019,0.0
5734,0.0
10923,0.0
11812,0.0
9675,0.0
5352,0.0
9596,0.0
4917,0.0
9481,0.0
7158,0.0
5884,0.0
7093,0.0
7476,0.0
3527,0.0
8040,0.0
4301,0.0
9439,0.0
8283,0.0
10295,0.0
11424,0.0
5841,0.0
5753,0.0
5002,0.0
6116,0.0
11154,0.0
6877,0.0
9123,0.0
11416,1.0
5059,0.0
11658,0.0
11211,0.0
3314,0.0
8906,0.0
3988,0.0
10004,0.0
5893,0.0
9029,0.0
11138,0.0
5631,0.0
8632,1.0
6351,0.0
11089,0.0
7640,0.0
5539,0.0
5493,0.0
9423,0.0
5844,0.0
9538,0.0
6320,0.0
4995,1.0
8907,0.0
6331,0.0
10877,0.0
3792,0.0
11718,0.0
10134,0.0
11760,0.0
7138,0.0
3729,0.0
11467,0.0
11584,1.0
9734,0.0
5008,0.0
8622,0.0
10371,1.0
5620,0.0
8978,0.0
11148,0.0
7273,0.0
6828,0.0
4697,0.0
5174,0.0
8545,0.0
8054,0.0
5412,0.0
9400,0.0
5795,0.0
7144,0.0
4501,0.0
11114,0.0
5803,0.0
9211,0.0
10886,0.0
10455,0.0
6889,0.0
4754,0.0
4370,1.0
10314,0.0
11104,0.0
6241,0.0
5278,0.0
10549,0.0
8486,0.0
3640,0.0
8833,0.0
9174,0.0
4571,0.0
8401,0.0
5756,0.0
6523,0.0
6189,0.0
9111,0.0
7875,0.0
8341,0.0
4186,0.0
4704,0.0
10718,1.0
11110,0.0
5471,0.0
8583,0.0
5324,0.0
3599,0.0
4304,0.0
11422,0.0
9896,0.0
6080,0.0
5882,0.0
7282,1.0
5234,0.0
7998,0.0
8096,0.0
10011,0.0
7817,0.0
4628,0.0
8260,0.0
9606,0.0
6044,0.0
5833,0.0
5679,1.0
10696,0.0
11708,0.0
9471,0.0
11257,0.0
7814,0.0
10449,1.0
6804,0.0
4222,0.0
4447,0.0
11547,0.0
10919,0.0
3526,0.0
9095,0.0
11207,1.0
10491,0.0
10513,0.0
7394,0.0
5661,0.0
3832,0.0
11815,0.0
9703,0.0
6833,0.0
7722,0.0
7732,0.0
4815,0.0
3720,0.0
11644,0.0
5069,0.0
8053,0.0
8825,0.0
4747,0.0
5285,0.0
7416,0.0
8403,0.0
8932,0.0
4218,0.0
9862,0.0
9769,0.0
8621,0.0
5179,0.0
7220,0.0
5504,0.0
8136,0.0
11521,0.0
6936,0.0
7602,0.0
8276,0.0
7674,0.0
10836,0.0
9261,0.0
7096,0.0
10568,0.0
7166,0.0
3533,0.0
7987,1.0
10235,1.0
6634,0.0
8753,0.0
4989,0.0
9746,0.0
9202,0.0
9954,1.0
8065,0.0
7296,0.0
10842,0.0
9371,0.0
6718,1.0
6264,0.0
5697,0.0
7085,0.0
4775,0.0
9772,0.0
11661,0.0
8491,0.0
6987,0.0
10629,1.0
5847,0.0
4671,0.0
11055,1.0
11053,0.0
9201,0.0
8205,0.0
5050,0.0
6742,0.0
9818,0.0
11448,0.0
7995,0.0
5543,0.0
4150,0.0
7724,0.0
4373,0.0
10362,0.0
3723,0.0
11905,0.0
4946,0.0
9291,0.0
6961,0.0
3467,0.0
8941,0.0
7682,0.0
4406,0.0
6624,0.0
10195,1.0
6416,0.0
5964,0.0
8966,0.0
10704,0.0
8115,0.0
9662,0.0
6567,0.0
9148,0.0
11058,0.0
10163,0.0
6855,0.0
9212,0.0
7318,0.0
9693,0.0
7574,0.0
4840,1.0
8154,0.0
11847,0.0
5267,0.0
10174,1.0
5232,0.0
7461,0.0
10374,0.0
4098,0.0
9131,1.0
5626,0.0
4621,0.0
10929,0.0
6581,0.0
10506,0.0
7193,0.0
11176,0.0
7177,0.0
10667,0.0
9829,0.0
11883,1.0
8049,0.0
6596,0.0
7492,0.0
6903,0.0
3378,0.0
8721,0.0
11041,0.0
11672,0.0
8955,0.0
5475,0.0
6075,0.0
11601,0.0
3396,0.0
7227,0.0
11596,0.0
10321,0.0
11347,0.0
5065,0.0
11146,0.0
11485,0.0
8603,0.0
11385,0.0
3440,0.0
6552,0.0
5428,0.0
11365,0.0
7051,0.0
3862,0.0
7186,0.0
7738,0.0
10707,0.0
11763,0.0
4303,0.0
11493,0.0
3983,0.0
9206,0.0
8463,0.0
8915,1.0
11586,0.0
8594,0.0
6516,0.0
7098,0.0
7608,0.0
10217,0.0
9464,0.0
7785,0.0
7065,1.0
9215,0.0
5219,0.0
3628,0.0
9245,0.0
3555,0.0
8840,0.0
7559,0.0
11047,0.0
6722,1.0
7852,0.0
7081,0.0
6130,0.0
4853,0.0
7742,0.0
6409,0.0
11764,0.0
10360,0.0
7654,0.0
11414,0.0
5193,0.0
5389,0.0
5478,0.0
7909,0.0
7189,1.0
11395,1.0
5998,0.0
8514,0.0
5791,0.0
10936,0.0
11145,0.0
7934,0.0
5375,0.0
5510,0.0
7289,1.0
10192,0.0
11197,0.0
4502,0.0
3310,0.0
11078,0.0
11033,0.0
4850,0.0
10060,0.0
6069,1.0
10106,0.0
7429,0.0
10462,0.0
10273,0.0
4385,0.0
7735,0.0
6832,0.0
7889,0.0
5221,0.0
5136,0.0
10244,0.0
4180,1.0
8062,0.0
10665,1.0
8968,0.0
5140,0.0
4128,0.0
8843,0.0
4081,0.0
4791,0.0
7457,0.0
6847,0.0
6394,0.0
7726,0.0
3442,0.0
10839,0.0
8167,0.0
4092,0.0
5835,0.0
11767,1.0
3566,0.0
5291,0.0
11410,0.0
10213,0.0
4196,1.0
8367,0.0
8413,0.0
3740,0.0
5959,0.0
10650,0.0
10599,0.0
6673,0.0
3375,0.0
9797,0.0
4344,0.0
11583,0.0
9279,0.0
11931,1.0
5111,0.0
6207,0.0
6473,0.0
5283,0.0
11351,0.0
11450,0.0
3509,0.0
6625,1.0
7192,0.0
6158,0.0
7127,0.0
6897,0.0
7346,0.0
10394,0.0
8778,0.0
7092,0.0
6544,0.0
5767,0.0
9708,0.0
10225,0.0
8088,0.0
7037,0.0
10494,1.0
11642,0.0
7555,0.0
10953,0.0
8388,0.0
8954,0.0
7899,0.0
8426,0.0
8415,0.0
6909,1.0
4285,0.0
5553,0.0
4769,0.0
9879,0.0
6278,0.0
3809,0.0
3496,1.0
5067,0.0
9773,0.0
11796,0.0
3805,0.0
6034,0.0
4866,0.0
4360,0.0
9375,0.0
6780,0.0
8525,0.0
5431,0.0
4008,0.0
8410,0.0
3611,0.0
5567,0.0
5547,0.0
11663,1.0
10686,0.0
11469,0.0
7182,0.0
3596,0.0
5712,0.0
8107,0.0
10105,0.0
7309,1.0
7914,0.0
9970,0.0
4174,0.0
3869,0.0
7711,0.0
7302,0.0
9836,0.0
7004,0.0
7388,0.0
8013,0.0
7664,0.0
6801,0.0
6844,0.0
8844,0.0
9153,0.0
3586,0.0
11837,0.0
9706,0.0
5393,0.0
10196,0.0
10689,0.0
3889,0.0
5733,0.0
8411,0.0
4086,0.0
6339,1.0
11936,0.0
5162,0.0
10941,0.0
3833,0.0
7504,0.0
5438,0.0
6805,0.0
9203,0.0
11076,0.0
4041,0.0
8318,1.0
5502,0.0
7366,0.0
5143,0.0
3667,0.0
5449,0.0
10488,0.0
3662,0.0
11520,0.0
8943,0.0
7160,1.0
11319,0.0
6426,0.0
4382,0.0
9194,0.0
4015,0.0
10043,1.0
6687,0.0
11438,0.0
11593,0.0
7694,0.0
4573,0.0
4053,0.0
4217,0.0
10955,0.0
6117,0.0
6090,1.0
8019,0.0
10392,0.0
7131,0.0
8372,0.0
5403,0.0
10933,0.0
6124,0.0
10930,0.0
4408,0.0
3363,1.0
3922,1.0
3326,0.0
4067,0.0
11697,1.0
9625,0.0
9426,0.0
6170,0.0
6091,0.0
5088,0.0
7696,0.0
9975,0.0
6066,0.0
11162,0.0
11576,0.0
6487,0.0
7541,0.0
9494,0.0
6402,0.0
5093,0.0
11360,0.0
3967,0.0
9783,0.0
10793,0.0
9534,0.0
6539,0.0
3750,0.0
8299,0.0
4398,0.0
6796,0.0
10796,0.0
11588,0.0
3503,1.0
5147,0.0
5806,0.0
11283,0.0
9882,0.0
10232,0.0
5873,0.0
8312,0.0
5755,1.0
8242,1.0
6467,0.0
11823,0.0
11540,0.0
11221,0.0
5955,0.0
9044,0.0
5395,0.0
5286,0.0
11379,0.0
6017,0.0
10911,1.0
5842,0.0
7585,0.0
4951,0.0
8881,0.0
4722,0.0
8986,0.0
9124,0.0
3350,0.0
10068,0.0
9728,0.0
11504,1.0
8044,0.0
11930,0.0
4059,0.0
6449,0.0
7313,0.0
5205,1.0
4620,0.0
11034,0.0
9934,0.0
6000,0.0
7329,1.0
11425,0.0
9965,0.0
8608,0.0
10332,0.0
4044,0.0
8656,1.0
9318,0.0
10867,0.0
7772,0.0
10916,0.0
9097,0.0
10249,0.0
10889,0.0
7727,0.0
4095,0.0
5163,0.0
5881,0.0
5764,1.0
10670,0.0
10317,0.0
5514,0.0
4042,0.0
6388,0.0
9205,0.0
8785,0.0
11572,0.0
8441,0.0
6607,0.0
4206,0.0
6074,0.0
6671,0.0
3636,1.0
11914,1.0
3841,0.0
4768,0.0
3391,0.0
8773,0.0
10535,1.0
8267,0.0
10883,0.0
5595,0.0
11458,0.0
9793,0.0
3821,0.0
7576,0.0
5765,0.0
5520,0.0
9900,0.0
4608,0.0
10762,0.0
7938,0.0
4732,0.0
10226,0.0
6888,0.0
9338,0.0
9840,1.0
6532,0.0
9622,0.0
4232,0.0
10408,0.0
6142,0.0
5933,0.0
10172,0.0
7540,0.0
5888,0.0
9445,0.0
8856,1.0
11359,0.0
4515,0.0
9841,0.0
5305,0.0
11519,0.0
6453,0.0
10252,0.0
7190,0.0
7549,1.0
4504,0.0
9312,1.0
6221,0.0
6970,0.0
7462,0.0
11017,0.0
6812,0.0
3882,0.0
5917,0.0
8838,0.0
7681,0.0
7655,1.0
11908,1.0
9028,0.0
4183,1.0
9379,0.0
7716,0.0
10544,0.0
5494,0.0
5649,0.0
5308,0.0
11251,0.0
9156,0.0
4473,0.0
3481,0.0
11241,0.0
10764,0.0
6707,0.0
7408,0.0
11253,0.0
7136,0.0
4906,0.0
7478,0.0
9881,0.0
11025,0.0
7474,0.0
4682,0.0
10039,0.0
10155,0.0
11530,0.0
8690,0.0
4438,0.0
9658,0.0
9569,0.0
7139,1.0
5348,0.0
3329,0.0
10073,0.0
11202,0.0
3936,0.0
6640,0.0
11292,0.0
6595,0.0
11367,0.0
7985,0.0
11578,0.0
3823,0.0
3747,0.0
11562,0.0
5988,0.0
11714,0.0
6504,0.0
10103,0.0
9167,1.0
5148,0.0
8717,0.0
11497,1.0
9843,0.0
8667,0.0
4082,0.0
8670,0.0
11664,0.0
11337,0.0
8668,0.0
11618,1.0
10324,0.0
9480,1.0
7495,0.0
4010,0.0
9490,0.0
10057,0.0
4031,0.0
9939,0.0
6568,0.0
5079,0.0
10199,0.0
11002,0.0
7832,0.0
5414,0.0
10350,0.0
8243,0.0
4694,0.0
6011,0.0
5042,0.0
5969,0.0
10714,0.0
10747,0.0
8543,0.0
3478,0.0
9399,0.0
7919,0.0
8502,0.0
4474,0.0
7962,0.0
10645,0.0
7237,0.0
9284,0.0
4522,0.0
7300,0.0
3978,0.0
4299,0.0
4729,0.0
9178,0.0
11807,0.0
10935,1.0
5076,0.0
8534,0.0
11136,0.0
10046,0.0
9591,0.0
4597,0.0
7806,1.0
5642,0.0
9707,0.0
3690,0.0
4306,0.0
6582,0.0
4175,0.0
4613,0.0
9871,0.0
7298,1.0
4238,0.0
11728,0.0
10589,0.0
7121,0.0
5708,0.0
9500,0.0
11772,0.0
5629,0.0
8945,0.0
6783,0.0
5026,0.0
5416,0.0
11754,0.0
4403,0.0
8285,0.0
9768,0.0
5030,1.0
5558,0.0
4792,0.0
3441,1.0
6452,0.0
4785,0.0
10608,0.0
4336,0.0
10959,0.0
5694,0.0
11636,0.0
4599,0.0
5538,0.0
9952,0.0
8675,0.0
9671,0.0
9711,0.0
3849,0.0
6415,0.0
11353,0.0
9198,0.0
4823,0.0
7286,0.0
7671,0.0
8496,0.0
11299,0.0
8935,0.0
5818,0.0
10915,0.0
6021,0.0
10635,0.0
9278,0.0
8709,0.0
4736,0.0
5918,0.0
8353,0.0
10331,0.0
7479,0.0
7980,0.0
8575,0.0
8302,0.0
8157,0.0
3941,0.0
4525,0.0
4221,0.0
7218,0.0
5344,0.0
11600,0.0
10250,0.0
7842,0.0
3975,0.0
4593,0.0
10550,1.0
9851,1.0
9632,0.0
9633,0.0
11761,1.0
10013,0.0
4674,0.0
3996,0.0
8024,0.0
5922,1.0
4162,0.0
5906,0.0
3422,0.0
9441,0.0
4860,0.0
11258,0.0
11565,0.0
6542,0.0
3487,0.0
5080,0.0
3997,0.0
6032,0.0
9110,0.0
11192,0.0
6208,0.0
10593,1.0
5896,0.0
9499,0.0
10177,0.0
6166,0.0
7675,1.0
8069,0.0
11441,0.0
9642,0.0
5110,0.0
11656,0.0
4356,0.0
7954,0.0
10357,1.0
10378,1.0
7631,0.0
11678,0.0
9062,0.0
4857,0.0
3890,0.0
11713,0.0
4817,0.0
3607,0.0
7231,0.0
6588,0.0
11156,0.0
3756,0.0
5144,0.0
3987,0.0
6167,0.0
8853,0.0
5323,0.0
11904,0.0
5170,0.0
7970,1.0
6354,1.0
6614,0.0
6908,0.0
6398,0.0
7232,0.0
3382,0.0
4672,0.0
11143,0.0
5424,0.0
4627,0.0
8588,0.0
5583,0.0
6721,0.0
3808,0.0
4488,1.0
5915,0.0
3339,0.0
4662,0.0
8168,0.0
7955,0.0
6155,0.0
11276,0.0
11267,0.0
4087,0.0
6772,0.0
9432,0.0
6023,0.0
5366,0.0
7418,0.0
11892,1.0
3605,0.0
6879,0.0
4537,0.0
10323,0.0
9419,0.0
10104,0.0
6716,0.0
9945,0.0
7225,0.0
8473,0.0
9489,0.0
4233,0.0
4267,1.0
5936,0.0
7564,1.0
8627,0.0
8061,0.0
4309,0.0
6522,0.0
9398,0.0
8408,0.0
10552,0.0
8863,0.0
10355,0.0
4346,1.0
10347,0.0
8273,0.0
4375,0.0
7017,0.0
8481,0.0
11408,0.0
6708,0.0
9242,0.0
9374,0.0
3457,0.0
9486,0.0
10291,1.0
9307,0.0
10118,1.0
8056,0.0
10948,0.0
9380,0.0
9698,0.0
4118,0.0
4616,0.0
5038,0.0
4348,0.0
6147,0.0
6025,0.0
9589,0.0
5189,0.0
10994,0.0
10819,0.0
10682,0.0
3977,0.0
4668,0.0
7196,0.0
5354,0.0
5930,0.0
9240,0.0
4386,0.0
9892,0.0
9179,0.0
5255,0.0
5586,0.0
8236,0.0
10864,0.0
8227,0.0
7053,0.0
3952,0.0
8851,0.0
3957,0.0
11297,0.0
6308,0.0
8835,0.0
6597,0.0
11329,0.0
6009,0.0
8775,0.0
9951,0.0
10710,0.0
9005,0.0
7858,1.0
3761,0.0
4780,0.0
9695,0.0
5569,0.0
7493,0.0
4772,0.0
3772,0.0
4057,0.0
10983,0.0
6286,0.0
6326,0.0
9937,0.0
9720,0.0
3786,0.0
11014,1.0
8163,0.0
9641,0.0
7533,0.0
3659,1.0
9998,0.0
6385,0.0
11741,0.0
9092,1.0
6738,0.0
8294,0.0
9268,0.0
9915,0.0
8779,0.0
8707,0.0
4569,0.0
6771,0.0
6086,0.0
7332,1.0
11390,0.0
7387,0.0
4405,0.0
7535,0.0
10726,0.0
4084,0.0
4293,0.0
4542,0.0
3721,0.0
6778,0.0
6773,0.0
6374,0.0
4691,0.0
9160,0.0
4333,0.0
7845,1.0
3468,0.0
6492,0.0
8535,0.0
4579,0.0
4894,1.0
11152,0.0
4066,0.0
3784,0.0
3568,0.0
6500,0.0
10077,0.0
9468,0.0
10322,0.0
6585,0.0
10711,1.0
9085,0.0
11087,0.0
3850,0.0
7605,0.0
3810,0.0
4678,0.0
5423,0.0
10027,0.0
4279,0.0
4720,0.0
10537,0.0
